{
    "key": "group_636c062f4ed3e",
    "title": "Footer Settings",
    "fields": [
        {
            "key": "field_63d1782f0a90dddd",
            "label": "Social Media",
            "name": "social_media",
            "aria-label": "",
            "type": "repeater",
            "instructions": "",
            "required": 0,
            "conditional_logic": 0,
            "wrapper": {
                "width": "",
                "class": "",
                "id": ""
            },
            "layout": "table",
            "pagination": 0,
            "min": 0,
            "max": 0,
            "collapsed": "",
            "button_label": "Add Social Media",
            "rows_per_page": 20,
            "sub_fields": [
                {
                    "key": "field_63d178510a90edfsdfvcvcvcv",
                    "label": "Enter social media links here.",
                    "name": "social",
                    "aria-label": "",
                    "type": "url",
                    "instructions": "",
                    "required": 0,
                    "conditional_logic": 0,
                    "wrapper": {
                        "width": "",
                        "class": "",
                        "id": ""
                    },
                    "default_value": "",
                    "placeholder": "",
                    "parent_repeater": "field_63d1782f0a90ddesdfdfvdvd"
                },
                {
                    "key": "field_63d17d0e30fd9fgrwewwe",
                    "label": "Plese use the link https://icofont.com/ to get the icons.",
                    "name": "icons",
                    "aria-label": "",
                    "type": "text",
                    "instructions": "Get the icone Markup option and paste it here.",
                    "required": 0,
                    "conditional_logic": 0,
                    "wrapper": {
                        "width": "",
                        "class": "",
                        "id": ""
                    },
                    "default_value": "",
                    "maxlength": "",
                    "placeholder": "",
                    "prepend": "",
                    "append": "",
                    "parent_repeater": "field_63d1782f0a90dffdfdfdf"
                }
            ]
        },
        {
            "key": "field_6372802adf18f",
            "label": "Paragraph",
            "name": "paragraph",
            "aria-label": "",
            "type": "textarea",
            "instructions": "",
            "required": 0,
            "conditional_logic": 0,
            "wrapper": {
                "width": "50",
                "class": "",
                "id": ""
            },
            "default_value": "",
            "placeholder": "",
            "prepend": "",
            "append": ""
        },
        {
            "key": "field_6472314de8434",
            "label": "Footer Down",
            "name": "footer_down",
            "aria-label": "",
            "type": "repeater",
            "instructions": "",
            "required": 0,
            "conditional_logic": 0,
            "wrapper": {
                "width": "50",
                "class": "",
                "id": ""
            },
            "layout": "table",
            "pagination": 0,
            "min": 0,
            "max": 0,
            "collapsed": "",
            "button_label": "Add Row",
            "rows_per_page": 20,
            "sub_fields": [
                {
                    "key": "field_6472319ae8436",
                    "label": "Links & Link's Text",
                    "name": "link",
                    "aria-label": "",
                    "type": "link",
                    "instructions": "",
                    "required": 0,
                    "conditional_logic": 0,
                    "wrapper": {
                        "width": "",
                        "class": "",
                        "id": ""
                    },
                    "return_format": "array",
                    "parent_repeater": "field_6472314de8434"
                }
            ]
        },
        {
            "key": "field_641b377adee0e",
            "label": "On Off",
            "name": "on_off",
            "aria-label": "",
            "type": "true_false",
            "instructions": "Use Checkbox to show or hide the footer.",
            "required": 0,
            "conditional_logic": 0,
            "wrapper": {
                "width": "",
                "class": "",
                "id": ""
            },
            "message": "",
            "default_value": 0,
            "ui": 0,
            "ui_on_text": "",
            "ui_off_text": ""
        }
    ],
    "location": [
        [
            {
                "param": "options_page",
                "operator": "==",
                "value": "footer-settings"
            }
        ]
    ],
    "menu_order": 0,
    "position": "normal",
    "style": "default",
    "label_placement": "top",
    "instruction_placement": "label",
    "hide_on_screen": "",
    "active": true,
    "description": "",
    "show_in_rest": 0,
    "modified": 1685186085
}